Extended zero defect Graphic Interface,Female
Advanced discrete matrices,Male
Face to face demand-driven open system,Male
Organic interactive ability,Male
Function-based homogeneous data-warehouse,Male
Re-contextualized real-time alliance,Male
Automated intangible secured line,Female
Reverse-engineered fault-tolerant hub,Female
Innovative heuristic knowledge user,Male
Balanced system-worthy orchestration,Male
Multi-lateral multimedia utilisation,Female
Ergonomic value-added archive,Female
Switchable static moratorium,Female
Exclusive bandwidth-monitored conglomeration,Female
Reverse-engineered systemic success,Male
Proactive scalable algorithm,Female
Right-sized methodical internet solution,Male
Implemented leading edge customer loyalty,Female
Extended 3rd generation ability,Female
Down-sized eco-centric matrix,Female
Innovative fault-tolerant array,Female
Down-sized 3rd generation initiative,Male
Compatible fresh-thinking help-desk,Female
Cross-platform analyzing support,Male
Vision-oriented clear-thinking focus group,Female
Down-sized intangible complexity,Female
Grass-roots asynchronous matrices,Male
Re-engineered 4th generation ability,Female
Persistent zero tolerance attitude,Female
Cross-group maximized forecast,Female
Extended real-time support,Male
Assimilated interactive orchestration,Male
Monitored attitude-oriented migration,Male
Front-line client-server extranet,Female
Configurable multi-tasking benchmark,Male
Monitored dedicated open architecture,Male
Managed stable utilisation,Male
Focused uniform adapter,Female
Profit-focused secondary paradigm,Female
Object-based motivating open system,Female
Reduced disintermediate pricing structure,Male
Optimized attitude-oriented contingency,Male
Proactive fault-tolerant emulation,Male
Cloned bottom-line benchmark,Female
Down-sized static capability,Female
Team-oriented systematic flexibility,Female
Profit-focused 24/7 hierarchy,Male
Compatible bandwidth-monitored access,Female
Enhanced secondary knowledge user,Male
Reverse-engineered full-range conglomeration,Male
Fully-configurable systemic secured line,Female
Reactive non-volatile archive,Male
Synchronised 24 hour extranet,Female
Optimized solution-oriented focus group,Female
Monitored actuating process improvement,Male
Networked multi-state synergy,Male
User-centric hybrid capacity,Female
Reverse-engineered leading edge productivity,Male
Multi-layered asymmetric toolset,Male
Horizontal disintermediate middleware,Male
Streamlined didactic matrix,Female
Stand-alone 24/7 software,Female
Innovative logistical complexity,Male
Robust local encryption,Female
Multi-layered 4th generation task-force,Male
User-friendly user-facing website,Male
Seamless fault-tolerant encoding,Female
Multi-tiered discrete hub,Female
Enterprise-wide 3rd generation encryption,Female
Organized local algorithm,Female
Streamlined user-facing methodology,Male
Quality-focused holistic algorithm,Male
Compatible systematic time-frame,Female
Triple-buffered reciprocal leverage,Male
Horizontal systematic protocol,Female
Business-focused radical parallelism,Female
Integrated systemic pricing structure,Male
Versatile executive focus group,Male
Quality-focused composite budgetary management,Male
Stand-alone client-driven local area network,Male
Optional 5th generation capacity,Male
Versatile disintermediate attitude,Male
Pre-emptive bifurcated synergy,Female
Front-line didactic matrices,Male
Realigned 24/7 framework,Male
Customer-focused mobile success,Male
Adaptive coherent forecast,Male
Future-proofed hybrid software,Female
Monitored holistic complexity,Female
Vision-oriented actuating knowledge base,Male
Integrated incremental synergy,Male
De-engineered holistic ability,Male
Synergized demand-driven workforce,Male
User-friendly coherent emulation,Male
Persevering 4th generation website,Female
Decentralized disintermediate capacity,Female
Quality-focused dynamic encoding,Female
Quality-focused bifurcated policy,Female
Re-contextualized multi-tasking hub,Male
Customer-focused user-facing success,Male
Open-source 5th generation portal,Female
Programmable user-facing system engine,Male
Monitored systematic groupware,Male
Devolved content-based leverage,Female
Visionary static initiative,Male
Optional regional synergy,Male
Fully-configurable content-based alliance,Male
Multi-layered context-sensitive algorithm,Male
Configurable directional moderator,Female
Cloned real-time implementation,Female
Cross-platform radical process improvement,Female
Visionary discrete parallelism,Male
Reactive motivating installation,Female
Re-contextualized hybrid capacity,Female
Exclusive grid-enabled workforce,Male
Pre-emptive grid-enabled local area network,Male
Persistent cohesive policy,Male
Synchronised secondary budgetary management,Female
Object-based multi-tasking project,Male
Versatile even-keeled policy,Male
Configurable dynamic throughput,Female
Polarised bandwidth-monitored frame,Male
Optimized methodical attitude,Male
Sharable human-resource framework,Male
Reverse-engineered needs-based adapter,Female
Front-line uniform Graphic Interface,Female
Function-based secondary task-force,Male
Front-line demand-driven policy,Male
Multi-tiered homogeneous neural-net,Male
Public-key reciprocal synergy,Male
Public-key reciprocal encryption,Male
Profound coherent local area network,Male
Profound logistical hierarchy,Female
Decentralized mobile success,Female
Optional intangible challenge,Female
Front-line dedicated customer loyalty,Female
Future-proofed eco-centric capability,Female
Front-line even-keeled system engine,Female
Optimized real-time extranet,Female
Triple-buffered secondary productivity,Male
Realigned maximized toolset,Male
Networked reciprocal toolset,Female
Advanced non-volatile strategy,Female
Reverse-engineered directional extranet,Female
Realigned executive middleware,Male
Implemented intangible function,Female
Horizontal zero defect open system,Female
Advanced didactic open system,Male
Persistent secondary archive,Female
Quality-focused analyzing solution,Male
Persistent exuding project,Male
Triple-buffered 24 hour budgetary management,Female
Optimized content-based paradigm,Female
Enterprise-wide composite capacity,Male
Centralized needs-based adapter,Male
Optimized fresh-thinking utilisation,Male
Extended scalable conglomeration,Male
Grass-roots high-level concept,Female
Focused systemic toolset,Male
Pre-emptive web-enabled adapter,Male
Enhanced tertiary standardization,Male
Versatile demand-driven projection,Female
Extended regional methodology,Female
Upgradable modular local area network,Female
Automated asynchronous function,Female
Re-engineered homogeneous algorithm,Female
Advanced actuating capability,Male
Grass-roots responsive ability,Male
Multi-layered clear-thinking internet solution,Male
Distributed homogeneous artificial intelligence,Female
Assimilated didactic moderator,Male
Fundamental methodical application,Male
Persistent demand-driven leverage,Male
Expanded system-worthy ability,Male
Multi-tiered eco-centric software,Male
Managed contextually-based hardware,Female
De-engineered attitude-oriented capability,Male
Optional multimedia help-desk,Female
User-friendly 5th generation infrastructure,Female
Ameliorated radical extranet,Male
Enhanced fault-tolerant contingency,Male
Innovative executive productivity,Female
Reactive empowering encryption,Male
Expanded cohesive solution,Female
Configurable tangible application,Male
Fundamental full-range open system,Female
Networked discrete functionalities,Female
Persevering heuristic toolset,Female
Fully-configurable disintermediate installation,Male
Realigned neutral product,Male
Innovative executive orchestration,Female
Persistent motivating analyzer,Male
Decentralized grid-enabled function,Female
Organic maximized algorithm,Female
Focused regional task-force,Female
Mandatory transitional monitoring,Female
Assimilated context-sensitive monitoring,Female
Cloned mission-critical secured line,Male
Multi-lateral homogeneous superstructure,Male
Ameliorated explicit application,Male
Business-focused directional instruction set,Male
Reactive tertiary conglomeration,Female
Customizable dedicated analyzer,Female
Streamlined attitude-oriented data-warehouse,Male
Synergized demand-driven local area network,Male
Face to face content-based concept,Female
Streamlined fresh-thinking portal,Male
Reactive zero administration complexity,Female
Fully-configurable 24/7 architecture,Female
Fundamental exuding leverage,Male
Sharable methodical adapter,Male
Up-sized dedicated encoding,Female
Innovative needs-based help-desk,Male
Total composite interface,Female
Upgradable multi-state internet solution,Male
Vision-oriented asynchronous superstructure,Female
Optional dynamic intranet,Male
Focused high-level initiative,Female
Fundamental uniform local area network,Female
Reverse-engineered multi-state strategy,Male
Triple-buffered directional circuit,Male
Configurable 5th generation instruction set,Female
Managed asymmetric framework,Female
Enterprise-wide multi-tasking approach,Male
Total mission-critical database,Male
Compatible local orchestration,Female
Extended executive projection,Female
Virtual 24 hour hierarchy,Female
Visionary logistical utilisation,Female
Expanded solution-oriented policy,Male
Object-based even-keeled software,Male
Enterprise-wide bandwidth-monitored architecture,Male
Down-sized incremental emulation,Female
Integrated demand-driven leverage,Male
Quality-focused content-based conglomeration,Female
Synergized solution-oriented hierarchy,Female
Extended optimizing conglomeration,Female
Progressive background groupware,Male
Assimilated bandwidth-monitored orchestration,Male
Networked modular projection,Female
Streamlined high-level parallelism,Female
Down-sized content-based emulation,Female
Down-sized mission-critical contingency,Male
Multi-tiered dynamic hardware,Male
Ameliorated radical capability,Female
Advanced methodical data-warehouse,Male
Networked multimedia hub,Female
Front-line dedicated initiative,Male
Down-sized multi-tasking budgetary management,Male
Sharable directional toolset,Female
Face to face exuding matrix,Male
Synergized needs-based local area network,Male
Implemented motivating portal,Male
Re-engineered dedicated analyzer,Male
Advanced human-resource superstructure,Female
Innovative mobile database,Female
Fundamental foreground pricing structure,Male
Quality-focused 24 hour capability,Female
Pre-emptive web-enabled flexibility,Male
Devolved next generation hardware,Female
Enterprise-wide didactic local area network,Male
Intuitive user-facing knowledge base,Male
Optional contextually-based initiative,Female
Secured tertiary open architecture,Male
Proactive systemic time-frame,Female
Profit-focused mobile Graphic Interface,Male
Public-key cohesive Graphical User Interface,Female
Enterprise-wide asymmetric leverage,Female
Balanced mobile secured line,Male
User-centric actuating archive,Male
Multi-channelled explicit architecture,Male
Robust bottom-line portal,Female
Quality-focused mission-critical standardization,Female
Customizable zero tolerance local area network,Female
Organized heuristic ability,Male
Re-contextualized human-resource contingency,Male
Customizable context-sensitive knowledge base,Male
Reduced value-added capacity,Female
Self-enabling 3rd generation paradigm,Male
Team-oriented content-based functionalities,Male
Persistent systematic database,Female
Exclusive methodical budgetary management,Female
Networked modular instruction set,Male
Horizontal incremental capability,Male
Organized maximized challenge,Female
Cross-group executive circuit,Female
Innovative responsive approach,Male
Proactive bifurcated concept,Female
Automated zero administration Graphic Interface,Male
Innovative 24/7 structure,Male
Diverse scalable customer loyalty,Male
Upgradable impactful alliance,Female
Universal object-oriented alliance,Male
Enhanced static archive,Male
Universal zero defect productivity,Male
Open-source client-driven concept,Male
User-friendly bandwidth-monitored application,Female
Cross-platform didactic info-mediaries,Male
Vision-oriented human-resource architecture,Male
Organic 24/7 access,Female
Total stable benchmark,Male
Triple-buffered next generation neural-net,Female
Down-sized bandwidth-monitored open architecture,Female
Right-sized executive orchestration,Female
Function-based 5th generation flexibility,Female
Future-proofed intangible contingency,Female
Visionary asymmetric emulation,Male
Seamless next generation framework,Female
Expanded grid-enabled infrastructure,Male
Customer-focused clear-thinking contingency,Female
Front-line content-based local area network,Female
Managed discrete website,Female
User-friendly optimizing process improvement,Male
Reduced multi-state knowledge base,Female
Centralized empowering architecture,Male
Virtual demand-driven complexity,Female
Sharable interactive concept,Female
Extended full-range Graphical User Interface,Female
Team-oriented optimizing frame,Female
Reduced hybrid structure,Female
Public-key directional forecast,Female
Persevering solution-oriented knowledge base,Female
Managed 4th generation hierarchy,Female
Synchronised human-resource moratorium,Female
Reduced homogeneous frame,Male
Sharable multi-state contingency,Male
Reverse-engineered logistical pricing structure,Male
Optimized responsive frame,Male
Multi-layered responsive paradigm,Female
Profound didactic frame,Female
Open-source responsive knowledge user,Female
Multi-tiered exuding forecast,Male
Seamless high-level capability,Female
Re-contextualized asymmetric monitoring,Male
Synchronised radical task-force,Male
Robust static function,Female
Cloned transitional emulation,Male
Customizable zero tolerance customer loyalty,Male
Robust bifurcated extranet,Female
Innovative intangible access,Female
Reverse-engineered user-facing intranet,Female
Grass-roots real-time extranet,Male
Advanced multimedia customer loyalty,Male
User-centric systematic implementation,Female
User-friendly eco-centric methodology,Female
Cloned hybrid attitude,Female
Sharable interactive hardware,Female
Fully-configurable directional approach,Male
Monitored didactic pricing structure,Female
Fundamental upward-trending encryption,Male
Up-sized contextually-based focus group,Female
Programmable didactic toolset,Female
Decentralized 5th generation time-frame,Male
Virtual value-added workforce,Male
Stand-alone bottom-line attitude,Female
Realigned modular adapter,Female
Cross-platform multimedia system engine,Male
Multi-channelled next generation complexity,Female
Self-enabling leading edge superstructure,Female
Upgradable responsive workforce,Male
Mandatory local orchestration,Female
Mandatory bottom-line internet solution,Female
Mandatory motivating support,Female
Intuitive multimedia productivity,Female
Customizable dedicated projection,Male
Operative mobile help-desk,Male
Centralized composite process improvement,Male
Cloned full-range customer loyalty,Male
Optional foreground conglomeration,Female
Mandatory well-modulated archive,Female
User-centric 5th generation hardware,Female
Down-sized methodical Graphic Interface,Male
Programmable actuating functionalities,Male
Realigned national challenge,Male
Extended attitude-oriented artificial intelligence,Male
Persevering 5th generation methodology,Male
Monitored intermediate migration,Male
Customizable asymmetric Graphical User Interface,Male
Versatile asymmetric knowledge user,Female
Public-key national hardware,Male
Reduced executive service-desk,Female
Right-sized high-level access,Male
Ameliorated homogeneous hardware,Female
Operative 4th generation orchestration,Male
Persistent modular capability,Female
Reduced empowering pricing structure,Male
Robust dynamic encryption,Male
Fully-configurable multi-tasking interface,Male
Distributed grid-enabled encoding,Male
Diverse eco-centric adapter,Male
Multi-channelled dynamic artificial intelligence,Male
Focused 5th generation adapter,Female
Universal scalable Graphical User Interface,Male
Future-proofed systematic budgetary management,Male
Reactive bandwidth-monitored utilisation,Female
Configurable didactic customer loyalty,Female
Open-architected user-facing orchestration,Male
Diverse attitude-oriented collaboration,Female
Right-sized mission-critical knowledge user,Male
Integrated systemic function,Male
Assimilated radical function,Male
Ergonomic high-level hierarchy,Female
Mandatory static Graphical User Interface,Female
Pre-emptive stable function,Male
Decentralized content-based complexity,Male
User-centric maximized encryption,Male
Centralized next generation collaboration,Female
Focused 24/7 extranet,Female
Innovative local parallelism,Female
Object-based client-driven secured line,Female
Automated uniform workforce,Male
Synergistic impactful help-desk,Female
Function-based 24/7 open system,Male
Phased high-level synergy,Female
Mandatory logistical emulation,Male
Exclusive empowering framework,Female
Persistent fresh-thinking matrix,Male
Pre-emptive empowering interface,Female
Sharable even-keeled throughput,Male
Switchable bandwidth-monitored info-mediaries,Female
Stand-alone disintermediate superstructure,Female
Networked interactive budgetary management,Female
Multi-tiered eco-centric process improvement,Female
Cross-platform tertiary functionalities,Female
Focused radical system engine,Female
Synergized uniform hardware,Female
Right-sized bottom-line forecast,Male
Centralized system-worthy artificial intelligence,Female
Public-key coherent adapter,Female
Ameliorated upward-trending ability,Female
Open-architected explicit secured line,Male
Advanced next generation leverage,Male
Versatile web-enabled benchmark,Female
Optimized demand-driven support,Female
Innovative high-level application,Male
Seamless eco-centric collaboration,Female
Inverse system-worthy concept,Male
Operative logistical protocol,Female
Reactive scalable archive,Male
Advanced cohesive encryption,Female
Synergistic system-worthy internet solution,Male
Synergized even-keeled toolset,Female
Vision-oriented object-oriented hub,Female
Optional static superstructure,Male
Cross-platform contextually-based solution,Male
Synchronised dedicated extranet,Female
Total didactic product,Male
Reduced tangible alliance,Male
User-centric attitude-oriented capacity,Female
Synergized needs-based database,Female
Networked local access,Male
Compatible well-modulated process improvement,Male
Secured discrete info-mediaries,Male
Optional methodical algorithm,Male
Phased scalable workforce,Male
Fully-configurable scalable toolset,Male
Cross-platform foreground superstructure,Female
Secured background Graphical User Interface,Female
Upgradable content-based focus group,Female
Front-line user-facing service-desk,Male
Mandatory secondary algorithm,Male
Horizontal didactic parallelism,Male
Optimized encompassing productivity,Male
Business-focused bottom-line capability,Male
Cloned user-facing attitude,Female
Integrated attitude-oriented product,Male
Centralized heuristic concept,Female
Focused didactic algorithm,Female
Seamless composite hub,Female
Switchable mission-critical application,Female
Pre-emptive executive moderator,Male
Balanced heuristic matrix,Male
Programmable 24 hour functionalities,Female
Horizontal incremental moderator,Female
Polarised executive internet solution,Female
Persevering 24 hour utilisation,Male
Programmable non-volatile support,Female
Intuitive executive structure,Female
Optional impactful secured line,Male
Vision-oriented bottom-line task-force,Male
Grass-roots holistic conglomeration,Female
Balanced 24 hour synergy,Male
Expanded global service-desk,Male
Intuitive explicit parallelism,Female
Synergized executive emulation,Male
Robust multi-state open architecture,Female
Visionary incremental definition,Female
Advanced static contingency,Male
Assimilated client-driven task-force,Female
Implemented regional array,Female
Customer-focused heuristic policy,Male
Phased 24/7 toolset,Male
Enterprise-wide next generation project,Male
Organized zero tolerance Graphic Interface,Male
Stand-alone uniform infrastructure,Female
Advanced executive Graphical User Interface,Female
Digitized system-worthy data-warehouse,Male
Diverse intangible challenge,Male
Multi-channelled client-server extranet,Male
Open-architected solution-oriented neural-net,Female
Balanced non-volatile process improvement,Female
Open-architected methodical software,Female
Optimized transitional firmware,Female
Seamless fault-tolerant core,Male
Fully-configurable 6th generation parallelism,Male
Team-oriented tertiary superstructure,Female
Robust human-resource algorithm,Male
Multi-layered bottom-line neural-net,Male
Assimilated exuding utilisation,Male
Universal system-worthy encoding,Female
Monitored scalable synergy,Male
Future-proofed real-time strategy,Male
Automated encompassing paradigm,Female
Centralized demand-driven help-desk,Male
Phased incremental adapter,Male
Self-enabling local circuit,Male
Distributed zero tolerance array,Male
Pre-emptive zero defect hierarchy,Female
Virtual multi-tasking task-force,Male
Reactive client-driven implementation,Male
Organized coherent toolset,Female
Fully-configurable discrete ability,Female
Phased mobile Graphical User Interface,Female
Customizable neutral success,Male
Sharable modular support,Male
Vision-oriented contextually-based system engine,Male
Business-focused mobile archive,Male
Quality-focused responsive secured line,Male
Mandatory tertiary contingency,Female
Persevering uniform analyzer,Male
Universal encompassing contingency,Male
Networked composite support,Male
Multi-layered user-facing workforce,Female
Fundamental next generation collaboration,Male
Vision-oriented radical forecast,Male
Implemented attitude-oriented initiative,Female
Reactive client-server artificial intelligence,Female
Decentralized background moratorium,Female
Right-sized zero defect capacity,Female
Quality-focused even-keeled projection,Male
Synergized upward-trending open system,Male
Seamless content-based superstructure,Female
Networked high-level throughput,Male
Extended client-server utilisation,Male
Up-sized dynamic encoding,Male
Configurable clear-thinking strategy,Female
Versatile multimedia task-force,Male
Proactive analyzing service-desk,Male
Configurable needs-based product,Male
Robust background hardware,Female
Switchable responsive portal,Female
Monitored actuating leverage,Male
Streamlined impactful methodology,Female
Automated interactive info-mediaries,Male
Exclusive asynchronous architecture,Female
User-friendly actuating artificial intelligence,Male
Open-architected needs-based extranet,Female
Public-key needs-based encoding,Male
Ameliorated 6th generation adapter,Male
Customizable attitude-oriented time-frame,Male
Horizontal needs-based project,Male
Cross-group incremental intranet,Male
Horizontal homogeneous help-desk,Female
Quality-focused 6th generation data-warehouse,Female
Decentralized systematic utilisation,Female
Extended object-oriented infrastructure,Male
Configurable executive collaboration,Male
Profit-focused eco-centric architecture,Female
Programmable tertiary circuit,Female
Profound intangible open system,Male
Fully-configurable encompassing software,Female
Open-source fresh-thinking Graphic Interface,Male
Multi-channelled actuating productivity,Female
Re-engineered heuristic archive,Female
Stand-alone neutral open system,Male
Cross-group secondary time-frame,Male
Intuitive well-modulated hierarchy,Male
Total discrete benchmark,Female
Profound fault-tolerant software,Male
Compatible exuding hardware,Male
Reactive zero administration architecture,Female
Synergized bifurcated projection,Male
Customer-focused 24 hour middleware,Male
Fully-configurable fresh-thinking migration,Male
Digitized bi-directional model,Male
Innovative context-sensitive support,Male
User-centric contextually-based structure,Male
Digitized encompassing function,Female
Multi-lateral methodical array,Male
Streamlined clear-thinking application,Female
Face to face global implementation,Female
Implemented optimal support,Male
Customer-focused solution-oriented adapter,Female
Adaptive zero defect service-desk,Female
Phased actuating hub,Male
Customizable bottom-line process improvement,Female
Cross-platform dynamic hierarchy,Female
Progressive user-facing leverage,Male
Reverse-engineered neutral firmware,Female
Total mobile alliance,Female
Multi-tiered zero administration ability,Female
Exclusive mission-critical product,Male
Persevering next generation emulation,Male
Synergized bi-directional artificial intelligence,Female
Ameliorated intangible capacity,Male
Self-enabling mobile instruction set,Female
Visionary cohesive attitude,Female
Progressive eco-centric protocol,Male
Secured asymmetric middleware,Female
Devolved impactful framework,Male
Devolved mission-critical collaboration,Male
Mandatory secondary instruction set,Female
Multi-tiered mobile software,Male
Distributed directional info-mediaries,Male
Cross-group composite workforce,Male
Reactive uniform core,Female
Multi-lateral needs-based website,Male
Decentralized zero defect forecast,Female
Fundamental high-level task-force,Female
Ameliorated transitional website,Male
Extended foreground monitoring,Female
Synergistic neutral approach,Male
Synergistic maximized focus group,Female
Fundamental multi-state definition,Female
Open-source eco-centric matrix,Male
Face to face logistical architecture,Male
Self-enabling object-oriented complexity,Male
Polarised zero administration budgetary management,Male
Virtual motivating software,Male
Down-sized system-worthy capacity,Male
Managed national instruction set,Female
Optimized holistic open system,Male
Reactive optimal budgetary management,Male
Ameliorated actuating synergy,Female
Open-architected context-sensitive utilisation,Male
Visionary 4th generation portal,Female
Innovative needs-based synergy,Female
Horizontal upward-trending challenge,Female
Organized 3rd generation standardization,Female
Expanded web-enabled matrices,Female
Total intangible attitude,Male
Versatile didactic system engine,Male
Secured 24 hour superstructure,Male
Profound asymmetric neural-net,Male
Cross-platform leading edge application,Male
Intuitive value-added circuit,Female
Reverse-engineered mission-critical algorithm,Female
Organic executive projection,Female
De-engineered secondary orchestration,Male
User-centric coherent flexibility,Male
Networked foreground application,Male
Progressive scalable framework,Female
Re-engineered system-worthy knowledge user,Male
User-friendly system-worthy success,Male
Mandatory local standardization,Female
Distributed real-time archive,Female
Polarised dedicated focus group,Male
Advanced scalable function,Male
Cross-group systematic ability,Male
Streamlined intermediate info-mediaries,Male
Switchable incremental success,Female
Reduced mobile adapter,Male
Horizontal secondary moratorium,Female
Configurable 24/7 challenge,Male
Automated maximized orchestration,Female
Profound next generation encryption,Female
Universal real-time budgetary management,Male
De-engineered multi-tasking conglomeration,Male
Persistent uniform solution,Male
De-engineered clear-thinking software,Male
Optimized maximized solution,Male
Configurable secondary hub,Male
Polarised bifurcated interface,Male
Quality-focused homogeneous benchmark,Female
Switchable empowering model,Male
Re-engineered fresh-thinking system engine,Female
Mandatory encompassing system engine,Male
Expanded next generation website,Male
Business-focused explicit secured line,Male
Realigned real-time application,Male
Re-engineered next generation local area network,Female
Realigned content-based infrastructure,Male
Extended regional workforce,Male
Implemented systematic toolset,Male
Seamless global ability,Female
Function-based fresh-thinking open architecture,Female
Multi-channelled methodical groupware,Female
De-engineered 4th generation hierarchy,Male
Multi-tiered modular interface,Female
Universal tangible firmware,Female
Progressive stable workforce,Female
Streamlined 6th generation frame,Female
Phased intermediate initiative,Male
Proactive impactful Graphical User Interface,Female
Monitored coherent archive,Female
Upgradable disintermediate array,Male
Multi-channelled object-oriented neural-net,Female
Phased 6th generation success,Female
Diverse maximized synergy,Male
Centralized context-sensitive budgetary management,Male
Proactive zero defect methodology,Male
Multi-layered discrete emulation,Female
Customer-focused local portal,Female
Multi-lateral multi-tasking hierarchy,Female
Visionary bifurcated projection,Female
Proactive holistic projection,Male
Open-architected multi-state complexity,Female
Multi-lateral foreground application,Male
Decentralized disintermediate algorithm,Male
Re-engineered even-keeled local area network,Female
User-friendly exuding architecture,Male
Reactive non-volatile complexity,Male
Function-based executive collaboration,Male
Proactive multi-tasking paradigm,Female
Robust bandwidth-monitored implementation,Female
Optimized tangible adapter,Male
Mandatory radical contingency,Female
Universal homogeneous initiative,Male
Synchronised transitional info-mediaries,Male
Upgradable systemic access,Male
Business-focused asynchronous hierarchy,Female
Fundamental mission-critical success,Female
Horizontal clear-thinking algorithm,Female
Exclusive static moderator,Female
Re-engineered well-modulated collaboration,Female
Cross-platform needs-based system engine,Male
Re-contextualized systematic encoding,Female
Intuitive motivating middleware,Female
Reverse-engineered transitional capability,Female
Organized empowering artificial intelligence,Female
Synergized high-level analyzer,Female
Automated multi-state flexibility,Male
Switchable optimal time-frame,Male
De-engineered logistical access,Male
Sharable cohesive policy,Male
Proactive zero defect benchmark,Female
Polarised interactive productivity,Male
Re-engineered systematic open system,Male
Distributed fault-tolerant focus group,Male
Function-based national functionalities,Female
Networked holistic process improvement,Female
Streamlined hybrid focus group,Male
Visionary secondary groupware,Male
Fundamental bi-directional data-warehouse,Female
Virtual non-volatile workforce,Female
Re-contextualized mission-critical website,Female
Programmable national array,Female
Networked optimal project,Female
Seamless explicit throughput,Female
Automated national middleware,Female
Automated reciprocal conglomeration,Male
Right-sized context-sensitive concept,Male
Triple-buffered transitional hub,Female
Public-key needs-based project,Female
Intuitive zero administration throughput,Female
Down-sized full-range array,Male
Sharable motivating frame,Male
Managed mission-critical structure,Male
Reduced explicit array,Male
Pre-emptive didactic capacity,Female
Multi-channelled asynchronous matrices,Female
Advanced client-driven solution,Female
De-engineered optimal approach,Female
Business-focused holistic protocol,Male
Enterprise-wide scalable encryption,Female
Open-source contextually-based matrix,Male
Vision-oriented multi-state open architecture,Female
Upgradable non-volatile adapter,Female
Secured eco-centric local area network,Male
Integrated dedicated orchestration,Female
Focused zero tolerance ability,Female
Vision-oriented 6th generation firmware,Male
Synergistic client-driven productivity,Male
Ergonomic analyzing secured line,Male
Open-source background data-warehouse,Male
Optimized 24 hour model,Male
Self-enabling uniform forecast,Female
Phased human-resource hub,Male
Universal transitional circuit,Male
Synchronised next generation circuit,Male
Quality-focused needs-based focus group,Female
Exclusive executive array,Female
Enhanced actuating contingency,Female
Front-line national workforce,Male
Universal hybrid frame,Female
Re-contextualized zero tolerance groupware,Male
De-engineered attitude-oriented hub,Male
Right-sized value-added customer loyalty,Male
Persistent radical alliance,Male
Operative hybrid productivity,Male
Phased reciprocal groupware,Male
Customer-focused hybrid moderator,Male
Business-focused leading edge collaboration,Female
Multi-layered hybrid task-force,Female
Switchable client-driven alliance,Female
Advanced holistic contingency,Female
Optimized incremental website,Female
Front-line dedicated time-frame,Male
Advanced zero tolerance concept,Female
Future-proofed maximized product,Male
Extended bifurcated initiative,Female
Adaptive systematic internet solution,Male
Quality-focused reciprocal help-desk,Female
Persistent full-range groupware,Female
Robust context-sensitive model,Female
Horizontal object-oriented neural-net,Male
Profound reciprocal intranet,Female
Devolved fresh-thinking Graphical User Interface,Male
Upgradable asymmetric standardization,Male
User-friendly clear-thinking function,Female
Ameliorated optimizing concept,Male
Digitized 24 hour parallelism,Male
Managed fault-tolerant Graphical User Interface,Female
Operative modular collaboration,Male
Automated discrete hub,Male
Up-sized demand-driven array,Female
Phased systemic pricing structure,Male
Automated mission-critical functionalities,Male
Self-enabling radical initiative,Female
Mandatory heuristic flexibility,Female
Face to face composite encoding,Female
Programmable context-sensitive alliance,Male
Progressive discrete paradigm,Female
Sharable intangible capability,Male
Reactive local success,Male
Upgradable zero defect frame,Female
Cloned empowering array,Female
Open-architected logistical task-force,Female
Team-oriented tangible framework,Female
Fully-configurable full-range intranet,Female
Profound 6th generation pricing structure,Female
Triple-buffered human-resource functionalities,Female
Centralized static encoding,Male
Integrated disintermediate ability,Male
Implemented 24 hour benchmark,Female
Reverse-engineered interactive algorithm,Female
Decentralized leading edge support,Female
Optional grid-enabled portal,Female
Open-source multimedia Graphic Interface,Female
Automated motivating conglomeration,Female
Profound bi-directional attitude,Male
Reduced even-keeled capacity,Female
Profit-focused hybrid access,Male
Digitized clear-thinking instruction set,Male
Open-source explicit focus group,Male
Managed explicit model,Male
Open-architected background time-frame,Male
Team-oriented asynchronous implementation,Male
Configurable foreground task-force,Male
Ameliorated optimal projection,Female
Enhanced demand-driven initiative,Male
Stand-alone transitional monitoring,Male
Organic 24 hour hub,Female
Extended methodical moderator,Male
Switchable upward-trending knowledge base,Female
Phased national hierarchy,Male
Phased background system engine,Female
Persevering empowering migration,Male
Front-line asymmetric infrastructure,Female
Persevering radical data-warehouse,Male
Diverse zero tolerance open system,Male
Automated systematic forecast,Male
Inverse encompassing superstructure,Male
Distributed user-facing portal,Male
Business-focused non-volatile moderator,Female
Advanced high-level interface,Female
Down-sized intermediate architecture,Male
Robust zero defect interface,Male
De-engineered reciprocal info-mediaries,Male
Balanced zero administration flexibility,Female
Automated high-level protocol,Male
Reduced fresh-thinking model,Male
Seamless exuding application,Female
Persistent client-driven complexity,Female
Re-contextualized context-sensitive moratorium,Male
Enhanced coherent project,Male
Cross-group methodical utilisation,Female
Inverse directional leverage,Male
Ergonomic radical budgetary management,Female
Programmable executive orchestration,Female
Synergized systemic artificial intelligence,Male
Seamless systematic software,Female
Fully-configurable foreground hub,Female
Inverse background time-frame,Female
Customer-focused fresh-thinking hub,Male
Cross-group secondary attitude,Female
Ergonomic asynchronous groupware,Male
Profound background synergy,Female
Upgradable encompassing process improvement,Male
Pre-emptive 24 hour database,Female
Down-sized neutral analyzer,Male
Seamless dynamic support,Male
Future-proofed modular contingency,Male
Persevering fresh-thinking migration,Male
Public-key composite approach,Female
Open-architected systematic strategy,Male
Fundamental web-enabled process improvement,Male
Future-proofed contextually-based archive,Male
De-engineered demand-driven complexity,Female
Ameliorated system-worthy frame,Female
Up-sized dynamic challenge,Female
User-friendly dedicated strategy,Female
Self-enabling bi-directional forecast,Male
Stand-alone tertiary artificial intelligence,Male
Managed uniform open architecture,Male
Open-architected static definition,Male
Versatile solution-oriented approach,Female
Multi-channelled radical time-frame,Male
De-engineered high-level hub,Male
Front-line tertiary emulation,Male
Face to face fault-tolerant customer loyalty,Male
Polarised encompassing methodology,Female
Integrated discrete alliance,Female
Optimized bottom-line encoding,Male
User-friendly discrete policy,Female
Streamlined mission-critical success,Female
Streamlined background concept,Male
Configurable human-resource task-force,Female
Programmable logistical array,Male
Balanced eco-centric matrices,Female
Customer-focused solution-oriented challenge,Female
Reactive system-worthy success,Male
Total static groupware,Female
Switchable analyzing collaboration,Female
Cross-platform even-keeled hierarchy,Female
Profit-focused holistic concept,Male
Pre-emptive human-resource infrastructure,Female
Distributed stable customer loyalty,Male
Re-contextualized high-level project,Female
Secured demand-driven matrix,Female
Organized solution-oriented middleware,Male
Business-focused bifurcated help-desk,Male
Enterprise-wide real-time secured line,Male
Integrated analyzing support,Male
Realigned executive process improvement,Male
Re-engineered holistic approach,Male
Future-proofed global migration,Female
Inverse needs-based encoding,Female
Ameliorated value-added product,Male
Monitored asynchronous function,Female
Profit-focused zero defect database,Male
Monitored non-volatile capability,Female
Grass-roots dynamic monitoring,Male
Profit-focused 4th generation concept,Male
Mandatory maximized concept,Female
Multi-layered explicit migration,Male
Optional tangible benchmark,Male
Cross-platform contextually-based architecture,Male
Persevering fault-tolerant ability,Male
Total eco-centric interface,Male
User-centric next generation function,Male
Object-based bandwidth-monitored orchestration,Female
Configurable stable ability,Male
Total actuating system engine,Male
Upgradable content-based time-frame,Male
Public-key cohesive middleware,Female
Fully-configurable value-added time-frame,Male
Synchronised local task-force,Female
Team-oriented composite throughput,Male
Function-based bottom-line archive,Male
Programmable logistical leverage,Female
Advanced client-server middleware,Male
Intuitive didactic parallelism,Female
Stand-alone bandwidth-monitored knowledge base,Male
Assimilated multi-state monitoring,Female
Cloned mobile architecture,Male
Adaptive motivating process improvement,Male
Ergonomic object-oriented flexibility,Female
Virtual multimedia contingency,Female
Multi-channelled heuristic groupware,Female
Secured client-driven access,Male
Multi-lateral static strategy,Male
Multi-channelled zero defect pricing structure,Female
Organized asynchronous benchmark,Male
Switchable solution-oriented firmware,Female
Vision-oriented mission-critical secured line,Female
De-engineered neutral artificial intelligence,Male
Digitized empowering open system,Female
Universal dynamic leverage,Male
Future-proofed full-range task-force,Female
Centralized secondary core,Female
Cross-group modular structure,Male
Realigned hybrid definition,Female
Optional incremental customer loyalty,Female
Multi-tiered dedicated capacity,Female
Multi-channelled bifurcated complexity,Female
Managed intangible system engine,Male
Right-sized background emulation,Female
Function-based real-time extranet,Male
Organized mission-critical time-frame,Male
Enterprise-wide stable encryption,Male
Re-contextualized coherent Graphical User Interface,Female
Diverse secondary benchmark,Male
Seamless user-facing infrastructure,Female
User-centric content-based pricing structure,Female
Assimilated stable framework,Female
Monitored executive benchmark,Male
Customizable attitude-oriented success,Male
Fundamental next generation solution,Male
Configurable national capability,Male
